id;name;creation_time;update_time;kafka_cluster_id
1;back compelling;2021-09-07T09:45:44;2021-09-07T07:09:01;1
2;niches payment;2021-09-08T03:46:30;2021-09-07T07:43:32;2
3;connecting mobile EXE;2021-09-08T04:38:13;2021-09-08T04:45:18;3
4;Future throughput orchid;2021-09-07T08:04:51;2021-09-08T04:38:49;4
5;Wisconsin deposit;2021-09-07T17:04:51;2021-09-07T22:35:28;5
6;TCP;2021-09-08T05:05:39;2021-09-07T11:25:41;6
7;fuchsia;2021-09-08T05:05:51;2021-09-07T23:59:13;7
8;Island compressing;2021-09-07T10:05:01;2021-09-07T13:58:06;8
9;overriding Illinois moratorium;2021-09-07T18:56:54;2021-09-07T08:48:05;9
10;Program;2021-09-07T11:02:13;2021-09-07T13:31:01;10
